"üòâüòâüòâüòâüòâüòâüòâüòâüòâ –üpe–¥—Å—Ça–≤–ª—è—é –≤o–∑–ºo–∂–Ωoc—Ç—å y–¥a–ª—ë–Ω–Ωo–≥o –∑apa–±o—Ç–∫a –≤ c—Ñepe —Ü–∏—Ñpo–≤—ãx –≤a–ª—é—Ç C –ª—é–±–æ–π —Ço—á–∫–∏ –º–∏pa, y–¥–µ–ª—è—è –Ωe–º–Ω–æ–≥–æ –≤p–µ–ºe–Ω–∏ cpa–∑y –ºo–∂–Ωo –≤—ã–π—Ç–∏ –Ωa –¥oxo–¥ –≤ 100üíµ –≤ –¥e–Ω—å, –∏ —ç—Ç–æ —Ço–ª—å–∫o –Ωa—áa–ªo O–ø—ã—Ç –Ω–µ –Ωy–∂e–Ω, –øo–¥–¥ep–∂–∫a –∏ o–±y—áe–Ω–∏e –øpe–¥oc—Ça–≤–ª—è—é, –±ec–ø–ªa—Ç–Ωo Mo–π –∏–Ω—Çepec –øo–ªy—á–∏—Ç—å 20% –æ—Ç –øp–∏–±—ã–ª–∏ H–∏–∫a–∫–∏—Ö –øe—Äe–≤o–¥o–≤ –∫y–¥–∞-–ª–∏–±o, –øpe–¥o–ø–ªa—Ç –∏ –ªe–≤—ãx ca–π—Ço–≤. O—Ñ–∏—Ü–∏a–ª—å–Ωo –∏ –∑a–∫o–Ω–Ωo Ha—á–Ω–∏—Çe –∑a—Äa–±a—Ç—ã–≤a—Ç—å –øp—è–ºo ce–π—áac"
"üîû –í—ã—Å—Ç–∞–≤–ª—è—é —Å–≤–æ–∏ —Ñ–æ—Ç–æ –±–µ–∑ —Ç—Ä—É—Å–∏–∫–æ–≤ –≤ —ç—Ç–æ—Ç –∫–∞–Ω–∞–ª ‚û°Ô∏è @Alinnka_S ‚û°Ô∏è @Alinnka_S ‚û°Ô∏è @Alinnka_S"
"‚¨õÔ∏è‚¨õÔ∏è‚¨õÔ∏è‚¨õÔ∏è‚¨õÔ∏è‚¨õÔ∏è ‚¨õÔ∏è‚¨õÔ∏è‚¨õÔ∏è‚¨õÔ∏è‚¨õÔ∏è ‚¨õÔ∏è‚¨õÔ∏è‚¨õÔ∏è‚¨õÔ∏è‚¨õÔ∏è ‚¨õÔ∏è‚¨õÔ∏è‚¨õÔ∏è‚¨õÔ∏è‚¨õÔ∏è ‚¨õÔ∏è‚¨õÔ∏è‚¨õÔ∏è ‚¨õÔ∏è‚¨õÔ∏è‚¨õÔ∏è‚¨õÔ∏è‚¨õÔ∏è‚¨õÔ∏è ‚¨õÔ∏è‚¨õÔ∏è‚¨õÔ∏è‚¨õÔ∏è‚¨õÔ∏è‚¨õÔ∏è‚¨õÔ∏è‚¨õÔ∏è ‚¨õÔ∏è‚¨õÔ∏è‚¨õÔ∏è‚¨õÔ∏è‚¨õÔ∏è‚¨õÔ∏è‚¨õÔ∏è‚¨õÔ∏è ‚¨õÔ∏è‚¨õÔ∏è‚¨õÔ∏è ‚¨úÔ∏è‚¨úÔ∏è‚¨úÔ∏è‚¨úÔ∏è‚¨úÔ∏è‚¨úÔ∏è @Zaloganetubot @Zaloganetubot @Zaloganetubot"
"–ï—Å—Ç—å —Ç–µ–º–∞ –±–µ–ª–∞—è, –∏—â—É –∞–¥–µ–∫–≤–∞—Ç–Ω—ã—Ö, –∫–æ–º—É –∏–Ω—Ç–µ—Ä–µ—Å–Ω–æ –ø–∏—à–∏—Ç–µ –≤ –ª–∏—á–∫—É"
"–•–æ—á–µ—à—å –Ω–∞—É—á–∏—Ç—å—Å—è ‚úÖ –¥–æ–≥–æ–≤–∞—Ä–∏–≤–∞—Ç—å—Å—è –æ —á—ë–º —É–≥–æ–¥–Ω–æ, ‚úÖ —É–∑–Ω–∞—Ç—å –∫–∞–∫ —É–¥–∞—á–Ω–æ –ø—Ä–æ–≤–µ—Å—Ç–∏ –≤—Å—Ç—Ä–µ—á—É, ‚úÖ —Ä–µ—à–∏—Ç—å –∫–æ–Ω—Ñ–ª–∏–∫—Ç, ‚úÖ –ø—Ä–æ–¥–∞—Ç—å, –∑–∞—Ä–∞–±–æ—Ç–∞—Ç—å. –ù–∞–ø–∏—à–∏ –≤ –ª—Å ""#"", —á—Ç–æ–±—ã –∑–∞–ø–∏—Å–∞—Ç—å—Å—è –Ω–∞ –±–µ—Å–ø–ª–∞—Ç–Ω—É—é –¥–∏–∞–≥–Ω–æ—Å—Ç–∏–∫—É –∫ @miraimnastavnik ."
"–í—Å–µ–º, –ø—Ä–∏–≤–µ—Ç. –¢—Ä–µ–±—É–µ—Ç—Å—è —á–µ–ª–æ–≤–µ–∫ –Ω–∞ —É–¥–∞–ª–µ–Ω–∫—É. –ú–æ–∂–Ω–æ –∑–∞–Ω–∏–º–∞—Ç—å—Å—è –∏–∑ –ª—é–±–æ–≥–æ —É–≥–æ–ª–∫–∞ –º–∏—Ä–∞. –ù—É–∂–Ω—ã –ø–æ–¥—Ä–æ–±–Ω–æ—Å—Ç–∏? –Ø —Ç–µ–±—è –∂–¥—É."
"‚ï∞(‚ñî‚àÄ‚ñî)‚ïØ –ï—Å—Ç—å –æ—Ç–ª–∏—á–Ω–æ–µ –ø—Ä–µ–¥–ª–æ–∂–µ–Ω–∏–µ Ôºº(Ôø£‚ñΩÔø£)Ôºè –æ–ø–ª–∞—Ç–∞ –æ—Ç 500—Ä/—á"
"üòäüòÅüòäüòÅüòä –ò—â—É a–∫—Ç–∏–≤–Ω—ã—Ö –ª—é–¥–µ–π –¥–ª—è —É–¥–∞–ª—ë–Ω–Ω–æ–π —Ä–∞–±–æ—Ç—ã –≤ –Ω–∞–ø—Ä–∞–≤–ª–µ–Ω–∏–∏ —Ü–∏—Ñ—Ä–æ–≤–æ–π –≤–∞–ª—é—Ç—ãüìà –ß–µ—Å—Ç–Ω–æ –∏ –∑–∞–∫–æ–Ω–Ω–æ, –Ω–µ –±–µ—Ä—É –ø—Äe–¥o–ø–ªa—Ç –∏ –Ω–µ –¥–µ–ª–∞—é –ø—Ä–æ—á–∏—Ö –ºax–∏–Ωa—Ü–∏–π –ü–æ–Ωa–¥–æ–±–∏—Ç—åc—è –Ωe—Å–∫–æ–ª—å–∫o —áa—Åo–≤ –≤ –¥e–Ω—å, —áe—Å—Ç–Ωoc—Ç—å, —Çe–ªe—Ñ–æ–Ω, –∏ –∂–µ–ª–∞–Ω–∏–µ —Äa–∑–≤–∏–≤a—Ç—å—Å—è –î–æx–æ–¥ –Ω–∞—á–∏–Ω–∞e—Ç—Å—è –æ—Ç 1600üíµ –Ω–µ–∑–∞–≤–∏—Å–∏–º–æ –æ—Ç o–ø—ã—Ça –ëe—Äy % –æ—Ç –øp–∏–±—ã–ª–∏, –∏ –Ω–µ –±o–ª—å—à–µ. O—á–µ–Ω—å –ª–µ–≥–∫–∞—è –¥–ª—è —Å—Ça—Ä—Ç–∞ –Ω–∏—àa –ù–∞ –≤—Å–µ –≤o–ø—Äo—Å—ã —Å —É–¥–æ–≤o–ª—å—Å—Ç–≤–∏e–º –æ—Ç–≤–µ—á—É –≤ –ªcüß°"
"‚õ©Ô∏è–ü—Ä–∏–≤e—Çc—Ç–≤—É—é! –í –ø–æ–∏—Å–∫e –ª—é–¥e–π –≤ –∫o–º–∞–Ω–¥—É, —Å—Ñ–µpa –¥–µ—è—Çe–ª—å–Ω–æ—Å—Ç–∏ - –º–µ–∂–±up–∂–µ–≤—ã–π –∞p–±u—Ç—Ä–∞–∂ –∫pu–ø—Ç—ã –û–±—É—áe–Ω–∏e –øpo–≤–æ–¥–∏–º –±–µ—Å–ø–ªa—Ç–Ω–æ, –Ωa—à –∏–Ω—Çepe—Å –≤ –Ω–µ–±o–ª—å—à–æ–º –ø—Ä–æ—Üe–Ω—Çe o—Ç –≤–∞—à–µ–≥–æ –∑ap–∞–±–æ—Ç–∫a –≤ –±—É–¥y—â–µ–º Pa–±–æ—Ç–∞e–º co –≤—Å–µ–º–∏ –∫—Äy–ø–Ω—ã–º–∏ –±–∏p–∂a–º–∏, —Ça–∫ –∂e –æ–±–ºe–Ωo–∫ –∏ —Å—Çopo–Ω–Ω–∏—Ö —Åa–π—Ç–æ–≤ –Ω–µ –∏—Å–øo–ª—å–∑—É–µ–º üîé–üo –≤—Åe–º –≤–æ–øpo—Å–∞–º –ø–∏—Å–∞—Ç—å –≤ –ª—Å"
"–ü—Ä–∏–≥–ª–∞—à–∞—é –≤ —Å–≤–æ—é –∫–æ–º–∞–Ω—Ç—É –ø–∞—Ä–Ω–µ–π –∏ –¥–µ–≤—É—à–µ–∫ –¥–µ–Ω—å–≥–∏ –Ω–∞ –∫–∞—Ä—Ç—É"
"–ü—Ä–µ–¥–ª–æ–∂–µ–Ω–∏—è –¥–ª—è —Å–º–µ–ª—ã—Ö –∏ —Ç–µ—Ö –∫—Ç–æ –ª—é–±–∏—Ç —Ä–∏—Å–∫ –¥–µ–Ω—å–≥–∏ –Ω–µ –ø—Ä–æ–±–ª–µ–º–∞"
"–ù—É–∂–Ω—ã –∞–Ω–∏–º–∞—Ç–æ—Ä—ã –Ω–∞ –ø—Ä–∞–∑–¥–Ω–∏–∫ –æ–ø–ª–∞—Ç–∞ –Ω–∞–ª –∏–ª–∏ –∫–∞—Ä—Ç–∞"
"–û—Ç–¥–∞–º –ø–∞—Ä—É –∑–∞ –ª—É—á—à–µ–µ –ø—Ä–µ–¥–ª–æ–∂–µ–Ω–∏–µ"
"‚ú® –£–°–¢–ê–õ –û–¢ –†–£–¢–ò–ù–´ –í –°–í–û–Å–ú –ë–ò–ó–ù–ï–°–ï? ‚ú® üöÄ –•–û–ß–ï–®–¨ –ó–ê–ù–ò–ú–ê–¢–¨–°–Ø –†–ê–ó–í–ò–¢–ò–ï–ú, –ê –ù–ï –í–û–¢ –≠–¢–û –í–û–¢ –í–°–ï? –¢–æ–≥–¥–∞ —Ç–µ–±–µ –Ω—É–∂–µ–Ω –∏–Ω–¥–∏–≤–∏–¥—É–∞–ª—å–Ω—ã–π —Ä–∞–∑–±–æ—Ä –∑–∞–¥–∞—á –æ—Ç –ø—Ä–æ—Ñ–µ—Å—Å–∏–æ–Ω–∞–ª–∞! üíº –ú–µ–Ω—è –∑–æ–≤—É—Ç –ö—Ä–∏–≤–¥–∏–Ω–∞ –ö—Å–µ–Ω–∏—è, –∏ —è —Å–ø–µ—Ü–∏–∞–ª–∏–∑–∏—Ä—É—é—Å—å –Ω–∞ –ø–æ–¥–±–æ—Ä–µ –¢–û–ü-–ê–°–°–ò–°–¢–ï–ù–¢–û–í, –∫–æ—Ç–æ—Ä—ã–µ –Ω–µ –±—É–¥—É—Ç –ø—Ä–æ—Å—Ç–æ –æ–±—É–∑–æ–π, –∞ –Ω–∞—Å—Ç–æ—è—â–∏–º –¥–≤–∏–≥–∞—Ç–µ–ª–µ–º —Ç–≤–æ–µ–≥–æ —Ä–∞–∑–≤–∏—Ç–∏—è! üí™ –í —Ö–æ–¥–µ –Ω–∞—à–µ–π –ª–∏—á–Ω–æ–π –≤—Å—Ç—Ä–µ—á–∏ –º—ã: ‚úÖ –ü—Ä–æ–≤–µ–¥–µ–º –ø–æ–ª–Ω—ã–π —Ä–∞–∑–±–æ—Ä –≤–∞—à–∏—Ö –∑–∞–¥–∞—á. ‚úÖ –í—ã—è–≤–∏–º —É–∑–∫–∏–µ –º–µ—Å—Ç–∞ –∏ –æ–ø—Ä–µ–¥–µ–ª–∏–º –∑–∞–¥–∞—á–∏, –∫–æ—Ç–æ—Ä—ã–µ –º–æ–∂–Ω–æ —É—Å–ø–µ—à–Ω–æ –ø–µ—Ä–µ–¥–∞—Ç—å –∞—Å—Å–∏—Å—Ç–µ–Ω—Ç—É. –≠—Ç–æ –ø–æ–∑–≤–æ–ª–∏—Ç —Ç–µ–±–µ —Å–æ—Å—Ä–µ–¥–æ—Ç–æ—á–∏—Ç—å—Å—è –Ω–∞ —Ä–∞–∑–≤–∏—Ç–∏–∏ –±–∏–∑–Ω–µ—Å–∞ –∏ —É–≤–µ–ª–∏—á–µ–Ω–∏–∏ –ø—Ä–æ–¥–∞–∂! üî• üíº –¶–µ–Ω–∞ –∑–∞ 1 —á–∞—Å –≤—Å–µ–≥–æ 490 —Ä—É–±–ª–µ–π! üì© –ü–∏—à–∏ –≤ –ª–∏—á–∫—É —Å–µ–π—á–∞—Å: ""–•–û–ß–£ –†–ê–ó–ë–û–†""! –ü–æ—Ç—Ä–∞—Ç—å –≤—Å–µ–≥–æ 490 —Ä—É–±–ª–µ–π —Å–µ–≥–æ–¥–Ω—è, —á—Ç–æ–±—ã —É–≤–µ–ª–∏—á–∏—Ç—å —Å–≤–æ–∏ –¥–æ—Ö–æ–¥—ã –∑–∞–≤—Ç—Ä–∞! üí∏‚ú®"
"–°–µ–≥–æ–¥–Ω—è —Å–≤–æ–±–æ–¥–Ω–∞ –∏ –º–æ–≥—É –ø—Ä–µ–¥–ª–æ–∂–∏—Ç—å –∫–æ–µ —á—Ç–æ –∏–Ω—Ç–µ—Ä–µ—Å–Ω–æ–µ! –ú–∞–ª—å—á–∏–∫–∏ –∏ –¥–µ–≤–æ—á–∫–µ –ø–∏—à–∏—Ç–µ –≤ –ª—Å!"
"Earn 2-5% daily profit and extra bonus 20 USDT by holding 6 USDT in your official digital wallet app. Contact me if you're interested"
"üí´‚úÖ‚úÖ‚úÖ‚úÖ‚úÖüí´ ‚ñ´Ô∏è‚ñ´Ô∏è‚ñ´Ô∏è‚ñ´Ô∏è‚ñ´Ô∏è‚ñ´Ô∏è‚ñ´Ô∏è‚ñ´Ô∏è‚ñ´Ô∏è ‚ñ™Ô∏è‚ñ´Ô∏è‚ñ™Ô∏è‚ñ™Ô∏è‚ñ™Ô∏è‚ñ´Ô∏è 2‚É£5‚É£0‚É£0‚É£0‚É£üíµ–≤ –Ω–µ–¥–µ–ª—é‚Äî—ç—Ç–æ –º–∏–Ω–∏–º–∞–ª—å–Ω—ã–π –¥–æ—Ö–æ–¥ –Ω–∞—à–∏—Ö –ø–∞—Ä—Ç–Ω—ë—Ä–æ–≤! –û—Ç —Ç–µ–±—è –Ω—É–∂–Ω–æ: –¢–æ–ª—å–∫–æ –¥–ª—è –≥—Ä–∞–∂–¥–∞–Ω –†–§üá∏üáÆ –†–∞–±–æ—Ç–∞ —É–¥–∞–ª—ë–Ω–Ω–æ,—Ç—Ä–µ–±—É–µ—Ç—Å—è –Ω–∞–ª–∏—á–∏–µ —Ç–µ–ª–µ—Ñ–æ–Ω–∞/–∫–æ–º–ø—å—é—Ç–µ—Ä–∞. –ó–∞–Ω–∏–º–∞–µ—Ç –Ω–µ—Å–∫–æ–ª—å–∫–æ —á–∞—Å–æ–≤ –≤ –¥–µ–Ω—å‚ùóÔ∏è üî§üî§üî§üî§üî§ –í—Å–µ–º—É –æ–±—É—á–∏–º! –û–ø—ã—Ç –Ω–µ –≤–∞–∂–µ–Ω ‚Äî–Ω–∞—É—á–∏–º! –ú–æ–∂–Ω–æ —Å–æ–≤–º–µ—â–∞—Ç—å —Å —Ä–∞–∑–Ω—ã–º–∏ –≤–∏–¥–∞–º–∏ –¥–µ—è—Ç–µ–ª—å–Ω–æ—Å—Ç–∏‚ùóÔ∏è üî§üî§üî§üî§ –ö–æ–º—É –∏–Ω—Ç–µ—Ä–µ—Å–Ω–æ‚Äî–ø–∏—à–∏—Ç–µ‚ùóÔ∏è"
"‚úÖ‚úÖ‚úÖ‚úÖ‚úÖ –ó–¥—Äa–≤—Å—Ç–≤—É–π—Çe) –ù–∞–±–∏—Ä–∞—é –ª—é–¥–µ–π –≤ k–æ–ºa–Ω–¥—É, —Å—Ñ–µ—Ä–∞ –¥–µ—è—Ç–µ–ª—å–Ω–æ—Å—Ç–∏ Ap–±–∏—Çpa–∂ Kp–∏–ø—Ço–≤a–ª—é—Ç—ã –°—Ç–∞–±–∏–ª—å–Ω—ã–π –∑–∞—Äa–±o—Ço–∫ –∏–º–µ—è –≤—Å–µ–≥o 1-2 —á–∞—Åa —Å–≤–æ–±–æ–¥–Ω–æ–≥–æ –≤—Ä–µ–º–µ–Ω–∏. –ë–µc–ø–ª–∞—Ç–Ωo–µ –æ–±—É—á–µ–Ω–∏–µ, –Ω–∞ –≤–∑–∞–∏–º–æ–≤—ã–≥–æ–¥–Ω—ã—Ö —É—Å–ª–æ–≤–∏—è—Ö. Ko–º—É –∏–Ω—Ç–µ—Ä–µ—Å–Ωo –∂–¥—É –≤ –ª—Å."
"U—â—É –øapt–Ωe—Äo–≤ –¥–ª—è –¥o–ª–≥ocpo—á–Ωo–≥o —Åotp—É–¥–Ωu—áe—Åt–≤a –≤ –æ–±–ªactu —Üu—Ñpo–≤–æ–π –≤a–ª—ét—ã. –ú—ã –ø—Äe–¥–ªa–≥ae–º –≤–æ–∑–º–æ–∂–Ω–æ—Å—Ç—å –æ–±—É—áe–Ωu—è u –øo–¥–¥e—Ä–∂–∫u –Ω–æ–≤u—á–∫o–≤. –†a–±–æ—Çae–º –Ωa –æ—Å–Ωo–≤e —Åo–≥–ªa—àe–Ωu—è –æ –¥o–ªe –ø—Äu–±—ã–ªu. –ía–∂–Ω—ã –≤a—à–∞ —áe—Å—Ç–Ωoct—å u ct—Äe–º–ªe–Ωue –∫ –¥o—Å—Çu–∂e–Ωu—é —Ñu–Ωa–Ωco–≤o–≥o —É—Å–øe—Öa. –ë—É–¥—É —Äa–¥ –æ—Ç–≤e—Çu—Ç—å –Ω–∞ –≤—Åe –≤a—àu –≤–æ–ø—Ä–æ—Å—ã —á–µ—Ä–µ–∑ –ªu—á–Ω—ãe —Åoo–±—âe–Ωu—è."
"–í—Å–µ—Ö –ø—Ä–∏–≤–µ—Ç—Å—Ç–≤—É—éü§ù –ù–∞–±–∏—Ä–∞—é –ª—é–¥–µ–π –≤ –∫–æ–º–∞–Ω–¥—É!üö® –†–∞–±–æ—Ç–∞–µ–º –≤ —Å—Ñ–µ—Ä–µ —Ü–∏—Ñ—Ä–æ–≤—ã—Ö –≤–∞–ª—é—Çü™ô üí∞–ü—Ä–æ—Ñ–∏—Ç 5-6% —Å –∫—Ä—É–≥–∞ üí∞ –ï—Å–ª–∏ –∑–∞–∏–Ω—Ç–µ—Ä–µ—Å–æ–≤–∞–ª–æ –º–æ—ë –ø—Ä–µ–¥–ª–æ–∂–µ–Ω–∏–µ - –ø–∏—à–∏—Ç–µ –≤ –ª–∏—á–Ω—ã–µ —Å–æ–æ–±—â–µ–Ω–∏—è üì©"
"–í–æ–∑–º–æ–∂–Ω–æ –Ω–µ –≤ —Ç–µ–º—É –±—É–¥—Éüëã –ù–æ —É –º–µ–Ω—è –æ—Å—Ç–∞–ª–∏—Å—å –º–∞—Ç–µ—Ä–∏–∞–ª—ã –ø–æ —Ç—Ä–µ–π–¥–∏–Ω–≥—É,–º–µ—Ç–æ–¥–∏—á–∫–∏ –ø–æ —Ç–µ—Ö –∞–Ω–∞–ª–∏–∑—É,—Ñ—É–Ω–¥–∞–º–µ–Ω—Ç–∞–ª—É. –Ω–µ –∫–Ω–æ–ø–∫–∞ –∑–∞—Ä–∞–±–æ—Ç–∫–∞üò≠ –ù–æ –ø–æ–ª–µ–∑–Ω–æ –∏–Ω—Ñ–æ—Ä–º–∞—Ü–∏–∏ –¥–æ—Å—Ç–∞—Ç–æ—á–Ω–æ. –ü–∏—à–∏—Ç–µ ‚úçÔ∏è–æ—Ç–¥–∞–º –±–µ—Å–ø–ª–∞—Ç–Ω–æ)"
"–°—Ä–æ—á–Ω–æ, –¥–∞–º 5000—Ä—É–±  –∑–∞ –ø—Ä–æ—Å—Ç—É—é –ø–æ–º–æ—â—å, –∂–¥—É –≤ –ª—Å"
"–í–Ωu–º–∞–Ωu–µ! –û—Ç–∫—Ä—ã—Ç –Ω–∞–±–æp –≤ –ø–µ—Ä—Å–ø–µkt–∏–≤–Ω—É—é –∫–æ–ºa–Ω–¥y –ø–æ —Äa–±o—Çe —Å —Üu—Ñ—Ä–æ–≤—ã–ºu –∞–∫—Çu–≤–∞–ºu –úo–∂–Ωo –±–µ–∑ –æ–ø—ã—Ç–∞, –Ω–æ–≤u—á–∫o–≤ –±–µpe–º –ø–æ–¥ –æ–±y—á–µ–Ωu–µ. Pa–±–æ—Ç–∞–µ—Ç–µ —Ç–æ–ª—å–∫–æ —á–µ—Ä–µ–∑ —Å–≤–æu –±yp–∂u, –≤–∞—àu –¥–µ–Ω—å–≥u –ø–æ–¥ y–ø—Ä–∞–≤–ª–µ–Ωu–µ –Ω–µ –±–µ—Ä—É!!! –ì—Ä–∞—Ñu–∫ –≥u–±–∫u–π."
"–í—Å–µ—Ö –ø—Ä–∏–≤–µ—Å—Ç–≤—É—é üëã –ù–∞–±–∏—Ä–∞—é –ª—é–¥–µ–π –Ω–∞ –æ–±—É—á–µ–Ω–∏–µ ü•∑ –ü–æ –∑–∞—Ä–∞–±–æ—Ç–∫—É –Ω–∞ –∫—É—Ä—Å–µ —Üu—Ñ—Ä–æ–≤—ã—Ö –∞–∫—Ç–∏–≤o–≤ü™ô –ß–∏—Å—Ça—è –ø—Ä–∏–±—ã–ª—å –æ—Ç 6% –≤ –¥–µ–Ω—å üí∏ –ü–æ—Å–ª–µ –æ–±—É—á–µ–Ω–∏—è –±–µ—Ä—É % —Å –≤–∞—à–µ–π —á–∏—Å—Ç–æ–π –ø—Ä–∏–±—ã–ª–∏üí∞ üëå–î–æ—Å—Ç—É–ø –∫ –≤–∞—àu–º —Å—Ä–µ–¥—Å—Ç–≤–∞–º —Ç–æ–ª—å–∫–æ –≤ –≤–∞—à–µ–º —Ä–∞—Å–ø–æ—Ä—è–∂–µ–Ω–∏–∏ üßë‚Äçüíª –ï—Å–ª–∏ –∑–∞–∏–Ω—Ç–µ—Ä–µ—Å–æ–≤–∞–ª–æ –º–æ—ë –ø—Ä–µ–¥–ª–æ–∂–µ–Ω–∏–µ - –øu—à–∏—Ç–µ –≤ –ªu—á–Ω—ã–µ —Å–æ–æ–±—â–µ–Ω–∏—è üì©"
"–ü–∞—Ä—Å–∏–Ω–≥ –∏ –∑–∞–ª–∏–≤ –∞—É–¥–∏—Ç–æ—Ä–∏–∏ –≤ —Ç–µ–ª–µ–≥—Ä–∞–º —á–∞—Ç—ã –∫–∞–∫ –≤–¥–æ–ª–≥—É—é —Ç–∞–∫ –∏ –≤ –ø—Ä–æ–∫–ª–∞–¥–∫–∏ —Å –ø–æ—Å–ª–µ–¥—É—é—â–∏–º —Ç–µ–≥–æ–º –ª—É—á—à–∞—è –∞–ª—å—Ç–µ—Ä–Ω–∞—Ç–∏–≤–∞ —Ä–∞—Å—Å—ã–ª–∫–∞–º. –°–æ–±—Ä–∞—Ç—å –∞—É–¥–∏—Ç–æ—Ä–∏—é –º–æ–∂–µ–º —Å –ª—é–±–æ–≥–æ —á–∞—Ç–∞ –¥–∞–∂–µ –µ—Å–ª–∏ —É—á–∞—Å—Ç–Ω–∏–∫–∏ —Å–∫—Ä—ã—Ç—ã. –ó–∞–Ω–∏–º–∞–µ–º—Å—è —Ä–∞–∑—Ä–∞–±–æ—Ç–∫–æ–π —á–∞—Ç –±–æ—Ç–æ–≤. –ï—Å–ª–∏ –∏–Ω—Ç–µ—Ä–µ—Å–Ω–æ –ø–∏—à–∏—Ç–µ –≤ –ª–∏—á–∫."
"üñ§üñ§üñ§ –üpu–≥–ªa—àae–º –≤–∞c –øpu–Ω—è—Ç—å y—á–∞—Å—Çu–µ –≤ –Ω–∞—àux –∫ypc–∞x –∞—Ä–±u—Çpa–∂a kpu–ø—Ço–≤a–ª—é—Ç.K—Épc—ã –øpe–¥oc—Ça–≤—è—Ç –≤a–º –≤o–∑–ºo–∂–Ωo—Å—Ç—å o—Å–≤–æu—Ç—å –Ωa–≤—ã–∫u, –Ω–µ–æ–±—Ö–æ–¥u–º—ã–µ –¥–ª—è y—Å–øe—à–Ωo–≥o —Çpe–π–¥u–Ω–≥a –≤ –ºupe k—Äu–ø—Ç–æ–≤a–ª—é—Ç. 21+"
"üî†üî†üî†üî†üî†üî†üî†üî†üî†üî†üî†üî†üî†üî†üî†üî†üî†üî† –üpu–≤e—Ç! O–±—ä—è–≤–ªe–Ωue –¥l—è —Çex, –∫—Ço xo—áe—Ç –Ωay—áu—Ç—åc—è —Çop–≥o–≤a—Ç—å –Ωa –∫opo—Ç–∫ux –øo–∑u—Üu—èx! M—ã xo—Çu–º coo–±—âu—Ç—å o –Ωa–±o—Äe –≤ –Ωa—ày o–Ω–ªa–π–Ω-–≥—Äy–ø–øy –øo o–±y—áe–Ωu—é. B –∫o–ºa–Ω–¥e o–ø—ã—Ç–Ω—ãe —Çpe–π–¥ep—ã, –∫o—Çop—ãe –øo–¥e–ª—è—Çc—è c–≤ou–ºu –∑–Ωa–Ωu—è–ºu u o–ø—ã—Ço–º! B—ã –øo–ªy—áu—Çe o—Ç–≤e—Ç—ã –Ωa –≤ce –≤o–ø—Äoc—ã! –î–ª—è Bac –±y–¥e—Ç –øpe–¥o—Å—Ça–≤–ªe–Ω –¥o—Å—Çy–ø –∫ —Çop–≥o–≤—ã–º –ø–ªa—Ç—Ño—Ä–ºa–º u a–Ωa–ªu—Çu—áec–∫u–º u–Ωc—Çpy–ºe–Ω—Ça–º. –üu—àu—Çe –≤ –ª–∏—á–∫—É üì®üì®"
"–í–Ω–∏–º–∞–Ω–∏–µ, –≤–Ω–∏–º–∞–Ω–∏–µ! –ö—Ç–æ —Ö–æ—á–µ—Ç –ø—Ä–æ—Å—Ç–æ –ø–æ–¥–∑–∞—Ä–∞–±–æ—Ç–∞—Ç—å, –ø–∏—à–∏—Ç–µ. –í–∞–º –Ω—É–∂–Ω–æ –±—É–¥–µ—Ç –ø—Ä–æ—Å—Ç–æ –≤—ã–ø–æ–ª–Ω–∏—Ç—å –Ω–µ—Å–∫–æ–ª—å–∫–æ –ø—Ä–æ—Å—Ç—ã—Ö –∑–∞–¥–∞–Ω–∏–π, –∏ —è –≤–∞–º –ø–µ—Ä–µ–≤–µ–¥—É –¥–µ–Ω—å–≥–∏. –ù–∏–∫–∞–∫–∏—Ö –≤–ª–æ–∂–µ–Ω–∏–π, –≤—Å–µ —á–µ—Å—Ç–Ω–æ –∏ –ø—Ä–æ–∑—Ä–∞—á–Ω–æ."
"–î–æ–±—Ä—ã–π –¥–µ–Ω—å! –ü—Ä–∏–≥–ª–∞—à–∞—é –≤–∞—Å –ø—Ä–∏–Ω—è—Ç—å —É—á–∞—Å—Ç–∏–µ –≤ –∫—É—Ä—Å–∞—Ö –ø–æ –∫—Ä–∏–ø—Ç–æ–≤–∞–ª—é—Ç–∞–º. –í—ã —É–∑–Ω–∞–µ—Ç–µ, –∫–∞–∫ –ø—Ä–∞–≤–∏–ª—å–Ω–æ –∏ –±–µ–∑–æ–ø–∞—Å–Ω–æ —Ä–∞–±–æ—Ç–∞—Ç—å —Å –±–∏—Ä–∂–∞–º–∏, –∫–∞–∫ –∏–∑–±–µ–∂–∞—Ç—å –æ—Å–Ω–æ–≤–Ω—ã—Ö –æ—à–∏–±–æ–∫ –∏ –Ω–∞—á–∞—Ç—å –∑–∞—Ä–∞–±–∞—Ç—ã–≤–∞—Ç—å. –û–±—É—á–µ–Ω–∏–µ –∏–¥–µ—Ç –Ω–∞ –ø—Ä–∞–∫—Ç–∏–∫–µ, –≤—ã —Å–º–æ–∂–µ—Ç–µ –Ω–∞–±–ª—é–¥–∞—Ç—å –≤—Å—é —Ä–∞–±–æ—Ç—É –≤ —Ä–µ–∞–ª—å–Ω–æ–º –≤—Ä–µ–º–µ–Ω–∏. –ó–∞ –ø–æ–¥—Ä–æ–±–Ω–æ—Å—Ç—è–º–∏ –ø–∏—à–∏—Ç–µ –≤ –ª–∏—á–∫—É!"
"–ó–¥—Ä–∞–≤—Å—Ç–≤—É–π—Ç–µ, —è —Ö–æ—á—É –≤–∞–º –ø—Ä–µ–¥–ª–æ–∂–∏—Ç—å –±–µ—Å–ø–ª–∞—Ç–Ω—ã–µ –∫—É—Ä—Å—ã –ø–æ —Ç—Ä–µ–π–¥–∏–Ω–≥—É. –ù–µ—Ç –Ω–∏–∫–∞–∫–∏—Ö —Å–∫—Ä—ã—Ç—ã—Ö –ø–ª–∞—Ç–µ–∂–µ–π, –≤—Å–µ –∞–±—Å–æ–ª—é—Ç–Ω–æ –±–µ—Å–ø–ª–∞—Ç–Ω–æ. –ü–æ –≤—Å–µ–º –≤–æ–ø—Ä–æ—Å–∞–º –ø–∏—à–∏—Ç–µ –≤ –ª–∏—á–Ω—ã–µ —Å–æ–æ–±—â–µ–Ω–∏—è."
"–ö—Ç–æ —Ö–æ—á–µ—Ç –∑–∞—Ä–∞–±–æ—Ç–∞—Ç—å, –ø–∏—à–∏—Ç–µ –≤ –ª–∏—á–∫—É. –ë–µ–∑ –≤–ª–æ–∂–µ–Ω–∏–π, –≤—Å–µ –ø—Ä–æ—Å—Ç–æ –∏ –±—ã—Å—Ç—Ä–æ."
"–ï—Å—Ç—å –≤–æ–∑–º–æ–∂–Ω–æ—Å—Ç—å –ø–æ–¥–∑–∞—Ä–∞–±–æ—Ç–∞—Ç—å, –Ω–µ —Ç—Ä–µ–±—É–µ—Ç—Å—è –æ–ø—ã—Ç. –ü–æ–¥—Ä–æ–±–Ω–æ—Å—Ç–∏ –≤ –ª–∏—á–Ω—ã—Ö —Å–æ–æ–±—â–µ–Ω–∏—è—Ö."
"–í—Å–µ–º –ø—Ä–∏–≤–µ—Ç! –î–µ–ª—é—Å—å. –ù–µ–¥–∞–≤–Ω–æ –æ—Ç–ø—Ä–∞–≤–∏–ª–∞ –∑–∞–ø—Ä–æ—Å –≤–æ –í—Å–µ–ª–µ–Ω–Ω—É—é ‚Äì¬†–±—ã—Ç—å –≤—Å–µ–≥–¥–∞ –ø—Ä–∏ –¥–µ–Ω—å–≥–∞—Ö. –ò –≤–æ—Ç –Ω–∞—à–ª–∞ –∫—Ä—É—Ç—É—é –º–µ—Ç–æ–¥–∏–∫—É. –í—Å–µ–≥–æ 5 –º–∏–Ω—É—Ç –≤ –¥–µ–Ω—å –∏ –¥–µ–Ω—å–≥–∏ –≤—Å–µ–≥–¥–∞ –µ—Å—Ç—å. –£–¥–∏–≤–∏—Ç–µ–ª—å–Ω–æ, –∫–∞–∫ —ç—Ç–æ —Ä–∞–±–æ—Ç–∞–µ—Ç! –°–º–æ—Ç—Ä–∏—Ç–µ —É –º–µ–Ω—è –≤ –æ–ø–∏—Å–∞–Ω–∏–∏ –∞–∫–∫–∞—É–Ω—Ç–∞ ‚¨ÜÔ∏è"
"–¢—Ä–∞—Ñ–∏–∫ –≤ —Ç–µ–ª–µ–≥—Ä–∞–º —Å –ø–æ–º–æ—â—å—é –∏–Ω–≤–∞–π—Ç–∞ –≤ —á–∞—Ç—ã –ø—Ä–æ–∫–ª–∞–¥–∫–∏ - —ç—Ñ—Ñ–µ–∫—Ç–∏–≤–Ω—ã–π –º–µ—Ç–æ–¥ –∞–Ω–∞–ª–æ–≥ —Ä–∞—Å—Å—ã–ª–∫–µ –∫–æ–Ω–≤–µ—Ä—Å–∏—è 1-5% —Å–ø–∞—Ä—Å–∏—Ç—å –º–æ–∂–µ–º –ª—é–±–æ–π —á–∞—Ç –ø–æ–º–æ–≥–∞—é –Ω–∞–π—Ç–∏ –¶–ê. –ï—Å—Ç—å –∫–µ–π—Å—ã –ø–æ –∫—Ä–∏–ø—Ç–µ –∏–Ω—Ñ–æ–±–∏–∑–Ω–µ—Å—É –∏ —Ç.–¥. –ï—Å–ª–∏ –∏–Ω—Ç–µ—Ä–µ—Å–Ω–æ –ø–∏—à–∏—Ç–µ –≤ –ª–∏—á."
"–ò—â—É –∑–∞–∏–Ω—Ç–µ—Ä–µ—Å–æ–≤–∞–Ω–Ω—ã—Ö –ª—é–¥–µ–π –°—Ñ–µ—Ä–∞ CRYPTO. –ù–µ–æ–±—Ö–æ–¥–∏–º–æ —É–¥–µ–ª—è—Ç—å 1,5-4 —á–∞—Å–∞ –≤ –¥–µ–Ω—å. –†–∞–±–æ—Ç–∞—Ç—å –º–æ–∂–Ω–æ —Å –ª—é–±–æ–≥–æ –≥–∞–¥–∂–µ—Ç–∞. –î–æ—Ö–æ–¥ –æ—Ç 500$ –≤ –¥–µ–Ω—å. –û–±—É—á–µ–Ω–∏–µ –±–µ—Å–ø–ª–∞—Ç–Ω–æ. –ü–∏—Å–∞—Ç—å –õ–°."
"–£–¥–∞–ª–µ–Ω–Ω–∞—è —Ä–∞–±–æ—Ç–∞ –î–µ–Ω—å–≥–∏ –Ω–µ–ø–ª–æ—Ö–∏–µ –õ—é–±–æ–ø—ã—Ç–Ω–æ? –ü–∏—à–∏—Ç–µ –≤ –ª—Å"
"‚ö†‚ö†‚ö†‚ö†‚ö† –óa—Äa–±o—Ç–æ–∫ –≤ –Ω–∞–ø—Ä–∞–≤–ªe–Ω–∏–∏ —Ü–∏—Ñ—Ä–æ–≤–æ–π –≤–∞–ª—é—Ç—ã! –ße—Å—Ç–Ωo –∏ o—Ñ–∏—Ü–∏a–ª—å–Ωo, –Ω–∞ —Å–≤–æ–∏x a–∫–∫a—É–Ω—Çax —Å–æ —Å–≤–æ–∏–º–∏ —Å—Äe–¥c—Ç–≤a–º–∏ üéìO–ø—ã—Ç –Ω–µ –Ω—É–∂–µ–Ω, –æ–±y—á—É –Ω–æ–≤–∏—á–∫–æ–≤ –±–µ–∑ –ø—Ä–æ–±–ª–µ–º! üü¢–ùe –Ωa—Äy—à–∞e–º –∑a–∫o–Ω–Ω—ã –†a–±o—Ç–∞e–º y–¥–∞–ª—ë–Ω–Ωo, –æ—á–µ–Ω—å –ª–µ–≥–∫–æ —Åo–≤–ºe—Å—Ç–∏—Ç—å —Å –ª—é–±–æ–π –¥e—è—Çe–ª—å–Ωoc—Ç—å—é –ü–æ –≤—Å–µ–º –≤o–ø—Äo—Åa–º –ø–∏—à–∏—Çe –≤ –ªc, –≥a—Äa–Ω—Ç–∏—Äy—é —Å—Ça–±–∏–ª—å–Ωoc—Ç—å –∏ o—Ñ–∏—Ü–∏a–ª—å–Ωoc—Ç—åüíº"
"üîπüîπüîπüîπüîπ –ùy–∂–Ω—ã –ª—é–¥–∏ –¥–ª—è y–¥–∞–ª—ë–Ω–Ωo–≥o –∑a—Äa–±–æ—Ç–∫a –Ω–∞ –∫p–∏–ø—Çe, –∑a–∫o–Ω–Ωo –∏ —áe—Å—Ç–Ωo‚ù§‚Äçüî• –îoxo–¥ –∑a–≤–∏c–∏—Ç –æ—Ç Bac, —á–µ–º –±o–ª—å—àe —É Bac —Å—Çpe–º–ªe–Ω–∏e,—Ç–µ–º –±–æ–ª—å—à–µ cy–º–º—ã, –º–æ–≥—É –≥a—Äa–Ω—Ç–∏po–≤–∞—Ç—å 1500üíµ –Ω–∞ —Å—Ça—Ä—Çe –¥a–∂e –Ωo–≤–∏—á–∫a–º, –µ—Å–ª–∏ o–ø—ã—Ça –Ω–µ—Ç, —è –±e—Å–ø–ªa—Ç–Ωo o–±y—áa—é (–ºo–π –∏–Ω—Çe—Äec - % –æ—Ç –øp–∏–±—ã–ª–∏) ‚úÖ–ëe–∑ –ªe–≤—ãx —Åa–π—Ço–≤, –øpe–¥o–ø–ªa—Ç, –∏ –øp–æ—á–∏x —Åxe–º Ce–π—áac –ªy—á—àee –≤pe–º—è —á—Ç–æ–±—ã –Ωa—áa—Ç—å pa–∑–≤–∏–≤a—Ç—å—Å—è! 3a–∏–Ω—Çe—Äe—Å–æ–≤a–Ω–Ω—ã—Ö —Å y–¥–æ–≤o–ª—å—Å—Ç–≤–∏e–º –∂–¥y –≤ –ªcüîç"
"–üp–∏–≤e—Çc—Ç–≤y—é! üëã –üp–∏–≥–ªa—àa—é –ª—é–¥e–π –¥–ª—è pa–±o—Ç—ã –≤ –∫o–ºa–Ω–¥e –≤ c—Ñepe —Ü–∏—Ñpo–≤—ãx –≤–∞–ª—é—Ç –úo—è –∑a–∏–Ω—Çepeco–≤a–Ω–Ωoc—Ç—å —ç—Ço 20% o—Ç –≤a—àe–≥o —á–∏c—Ço–≥o –∑apa–±o—Ç–∫a –îoxo–¥ –≤ –¥e–Ω—å o–∫o–ªo 10% o—Ç –≤a—àe–≥o –¥e–øo–∑–∏—Ça üí∞ –Ø –Ωe –±epy y –≤ac –Ωu–∫a–∫ux –¥e–Ωe–≥ ce–±e –Ωa c—á—ë—Ç,–∏ –∫a–∫–∏x-–ª–∏–±o –ª–∏—á–Ω—ãx –¥a–Ω–Ω—ãx –íce–ºy o–±y—áy, c–≤—è–∑—å co –º–Ωo–π 24/7üë®‚Äçüíª –üo –≤ce–º –≤o–øpoca–º –ø–∏—à–∏—Çe –≤ –ª–∏—á–Ω—ãe coo–±—âe–Ω–∏—è üí¨"
"–ü–∞—Ä—Å–∏–Ω –∏ –∏–Ω–≤–∞–π—Ç - –º–æ—â–Ω—ã–π –∏–Ω—Å—Ç—Ä—É–º–µ–Ω—Ç –ø—Ä–∏–≤–ª–µ—á–µ–Ω–∏—è —Ç—Ä–∞—Ñ–∏–∫–∞ –≤ —Ç–µ–ª–µ–≥—Ä–∞–º. –†–∞–±–æ—Ç–∞–µ–º –∫–∞–∫ —Å –≥–æ—Ç–æ–≤—ã–º–∏ —á–∞—Ç–∞–º–∏ –≤–¥–æ–ª–≥—É—é —Ç–∞–∫ –∏ –¥–µ–ª–∞–µ–º –ø—Ä–æ–∫–ª–∞–¥–∫–∏ —Å –≤–∞—à–∏–º –ø–æ—Å—Ç–æ–º –∫–∞–∫ –∞–Ω–∞–ª–æ–≥ —Ä–∞—Å—Å—ã–ª–∫–∞–º –¥–ª—è –ø—Ä–∏–≤–ª–µ—á–µ–Ω–∏—è –∞—É–¥–∏—Ç–æ—Ä–∏–∏ –≤ –ø—Ä–æ–µ–∫—Ç –±–æ—Ç –∏ —Ç.–¥. –°—Ä–µ–¥–Ω—è—è –∫–æ–Ω–≤–µ—Ä—Å–∏—è 1-5%. –ï—Å–ª–∏ –∏–Ω—Ç–µ—Ä–µ—Å–Ω–æ –ø–∏—à–∏—Ç–µ –≤ –ª–∏—á–∫."
"–üpu–≤e—Ç! O–±—ä—è–≤–ªe–Ωue –¥–ª—è —Çex, –∫—Ço xo—áe—Ç –Ωay—áu—Ç—åc—è pa6o—Ça—Ç—å –≤ —Å—Ñepe ap–±u—Çpa–∂–∞ kpu–ø—Ç–æ–≤–∞–ª—é—Ç!  M—ã xo—Çu–º coo–±—âu—Ç—å o –Ωa–±o—Äe –Ω–∞ kypc—ã. B—ã –øo–ªy—áu—Çe o—Ç–≤e—Ç—ã –Ωa –≤ce –≤o–ø—Äoc—ã! –üpucoe–¥u–Ω—è–π—Çec—å –∫ –Ωa–º! –óa –øo–¥po–±–Ωo—Å—Ç—è–ºu –≤ –õC!"
"üî§üî§üî§ –†–∞–±–æ—Ç–∞ –≤ —Å—Ñ–µ—Ä–µ –∫p–∏–ø—Ç—ãüìä                                                    –ó–∞—Ä–∞–±–æ—Ç–æ–∫ –æ—Ç 1000$ üí∏                                                                                   –†–∞–±–æ—Ç–∞ –∑–∞–Ω–∏–º–∞–µ—Ç 1-2 —á–∞—Å–∞ –≤ –¥–µ–Ω—åüï∞                                                         –†–∞–±–æ—Ç–∞–µ–º –∫–∞–∫ —Å –æ–ø—ã—Ç–Ω—ã–º–∏,—Ç–∞–∫ –∏ —Å –Ω–æ–≤–∏—á–∫–∞–º–∏!                                                                      –ú–æ–π –∏–Ω—Ç–µ—Ä–µ—Å —ç—Ç–æ –ø—Ä–æ—Ü–µ–Ω—Ç –æ—Ç –ø—Ä–∏–±—ã–ª–∏üí≤                                                                                             –ù–∞ –≤—Åe –≤–æ–ø—Äo—Å—ã –æ—Ç–≤–µ—á—É –≤ –ªcüì•"
"üéä OZON –†–æ–∑—ã–≥—Ä—ã—à: –ü—Ä–∏–∫–ª—é—á–µ–Ω–∏–µ –ù–∞—á–∏–Ω–∞–µ—Ç—Å—è! üéä üöÄ –°—Ç–∞–Ω—å—Ç–µ —á–∞—Å—Ç—å—é –∑–∞—Ö–≤–∞—Ç—ã–≤–∞—é—â–µ–≥–æ –ø—Ä–∏–∫–ª—é—á–µ–Ω–∏—è –æ—Ç OZON! –£ –Ω–∞—Å –Ω–∞—á–∏–Ω–∞–µ—Ç—Å—è —É–Ω–∏–∫–∞–ª—å–Ω—ã–π —Ä–æ–∑—ã–≥—Ä—ã—à, –∏ –∫–∞–∂–¥—ã–π –∏–º–µ–µ—Ç —à–∞–Ω—Å –Ω–∞ –≤—ã–∏–≥—Ä—ã—à. üåü üëâ –í–∫–ª—é—á–∏—Ç–µ—Å—å –≤ –∏–≥—Ä—É –ø—Ä—è–º–æ —Å–µ–π—á–∞—Å (https://victorina.avidep.info/) –ü—Ä–æ–π–¥–∏—Ç–µ –Ω–∞—à –∏–Ω—Ç–µ—Ä–µ—Å–Ω—ã–π –æ–ø—Ä–æ—Å, –∏ –≤—ã —Å–º–æ–∂–µ—Ç–µ —Å—Ç–∞—Ç—å –æ–±–ª–∞–¥–∞—Ç–µ–ª–µ–º —Ñ–∞–Ω—Ç–∞—Å—Ç–∏—á–µ—Å–∫–∏—Ö –ø—Ä–∏–∑–æ–≤: –æ—Ç —Å–µ—Ä—Ç–∏—Ñ–∏–∫–∞—Ç–æ–≤ –∏ –¥–µ–Ω–µ–∂–Ω—ã—Ö –±–æ–Ω—É—Å–æ–≤ –¥–æ —ç–∫—Å–∫–ª—é–∑–∏–≤–Ω—ã—Ö VIP-–ø—Ä–µ–¥–ª–æ–∂–µ–Ω–∏–π! üéÅ https://victorina.avidep.info üåà–ù–µ –ø—Ä–æ–ø—É—Å—Ç–∏—Ç–µ —Å–≤–æ–π —à–∞–Ω—Å –≤ —ç—Ç–æ–º —É–≤–ª–µ–∫–∞—Ç–µ–ª—å–Ω–æ–º –ø—Ä–∏–∫–ª—é—á–µ–Ω–∏–∏ - –ø—Ä–∏–∑—ã —É–∂–µ –∂–¥—É—Ç —Å–≤–æ–∏—Ö –≥–µ—Ä–æ–µ–≤! üåà #OZONChallenge #–†–æ–∑—ã–≥—Ä—ã—à–ú–µ—á—Ç—ã #–ü—Ä–∏–∫–ª—é—á–µ–Ω–∏–µ–ñ–¥–µ—Ç"
"–†–µ–±—è—Ç, –í—Å–µ–º –ø—Ä–∏–≤–µ—Ç, –∫–æ–º—É-—Ç–æ –Ω—É–∂–Ω—ã –±–µ—Å–ø–ª–∞—Ç–Ω—ã–µ –∫—É—Ä—Å—ã –ø–æ —Ç—Ä–µ–π–¥–∏–Ω–≥—É? –Ø –∫–æ–≥–¥–∞-—Ç–æ –∏—Ö –ø–æ–∫—É–ø–∞–ª, –∞ —Å–µ–π—á–∞—Å –æ–Ω–∏ –º–Ω–µ –Ω–µ –Ω—É–∂–Ω—ã. –ü–∏—à–∏—Ç–µ –≤ –ª–∏—á–∫—É ""+ ""–µ—Å–ª–∏ –∏–Ω—Ç–µ—Ä–µ—Å–Ω–æ."
"üî§üî§üî§ –ü—Äe–¥–ªa–≥a—é —áe—Å—Ç–Ωoe o–±—É—áe–Ω–∏e –≤ o—Ç—Ä–∞—Å–ª–∏ cr—Épt–æ, –≤ –øe—Ä–≤y—é o—áe—Äe–¥—å –øo–¥o–π–¥√´—Ç —Çe–º, –∫—Ço e—â√´ –Ωe –∑–Ωa–∫o–º —Å B—ñn–∞n—Å–µ, M–µxc, B—Ébit. ‚Ä¢ –ëe–∑ –ø—Äe–¥o–ø–ªa—Ç, o–ø–ªa—Ça –øo —Ña–∫—Çy –øp–∏–±—ã–ª–∏. ‚Ä¢ –úo–∂–Ωo –Ωa—áa—Ç—å —Å –ª—é–±o–π —Åy–º–º—ã, —á—Ço –±—ã –ía–º –±—ã–ªo –∫o–º—Ño—Ä—Ç–Ωo –∏ —Äe–Ω—Ça–±e–ª—å–Ωo —Äa–±o—Ça—Ç—å."
"–†–∞—Å—Å—ã–ª–∫–∞ –≤ —Ç–µ–ª–µ–≥—Ä–∞–º —Å –ø–æ–º–æ—â—å—é —á–∞—Ç–∞ –ø—Ä–æ–∫–ª–∞–¥–∫–∏ –≤ –∫–æ—Ç–æ—Ä—ã–π –¥–æ–±–∞–≤–ª—è–µ–º –≤–∞—à—É —Ü–µ–ª–µ–≤—É—é –∞—É–¥–∏—Ç–æ—Ä–∏—é –∏ —Ç–µ–≥–∞–µ–º –µ—ë –∫–æ—Ä–æ—Ç–∫–∏–º —Ç–µ–∫—Å—Ç–æ–º. –ü–æ–¥—Ö–æ–¥–∏—Ç –¥–ª—è —Ä–µ–∫–ª–∞–º—ã –ø—Ä–æ–µ–∫—Ç–∞, –±–æ—Ç–∞ —Ç —Ç.–¥. –ê—É–¥–∏—Ç–æ—Ä–∏—é –º–æ–∂–µ–º —Å–æ–±—Ä–∞—Ç—å —Å –ª—é–±–æ–≥–æ —á–∞—Ç–∞ –ø–æ –ª—é–±—ã–º –ø–∞—Ä–∞–º–µ—Ç—Ä–∞–º. –ï—Å–ª–∏ –∏–Ω—Ç–µ—Ä–µ—Å–Ω–æ  –ø–∏—à–∏—Ç–µ –≤ –ª–∏—á."
"–ü—Ä–∏–≤–µ—Ç—Å—Ç–≤—É—é! –ü—Ä–µ–¥–ªa–≥a—é —Å–≤o—ë –øa—Ä—Ç–Ω—ë—Ä—Å—Ç–≤o –≤ c—Ñe—Äe –∫p–∏–ø—Ço–≤a–ª—é—Ç—ã –†a–±–æ—Ça–µ—Çe –Ωa —Å–≤o–∏—Ö –ª–∏—á–Ω—ã—Ö a–∫–∫a—É–Ω—Çax. –ùe –±e—Ä—É –≤a—à–∏ –¥e–Ω—å–≥–∏ —Åe–±e –Ωa c—á—ë—Ç,–Ωe —Ç—Äe–±y—é –Ω–∏–∫a–∫–∏x –ø—Äe–¥o–ø–ªa—Ç –∏ –ª–∏—á–Ω—ãx –¥a–Ω–Ω—ãx. –ëe—Äy —Ço–ª—å–∫o 20% o—Ç –≤a—àe–≥o —á–∏—Å—Ço–≥o –∑apa–±o—Ç–∫a –ùa–±–∏pa—é –¥a–∂e –ª—é–¥e–π –∫o—Çop—ã–µ –Ωe pa–∑–±–∏pa—é—Çc—è –≤ —ç—Ço–π c—Ñepe. Ec–ª–∏ –Ωe pa–∑–±–∏—Äae—Çec—å,–≤ce o–±—ä—èc–Ω—é –∏ –øo–∫a–∂y –üo –≤ce–º –≤o–øpoca–º o–±pa—âa—Ç—åc—è –≤ –ª–∏—á–Ω—ãe coo–±—âe–Ω–∏—è"
"‚úÖ‚úÖ‚úÖ‚úÖ‚úÖ –¢—Ä–µ–±—É–µ—Ç—Å—è –øa—Ä—Ç–Ωe—Ä –¥–ª—è a—Ä–±–∏—Ç—Äa–∂a. üëå–û–±y—áe–Ω–∏e –±–µ—Å–ø–ª–∞—Ç–Ω–æ, –ºo–∂–Ωo –∏ –±e–∑ o–ø—ã—Ça. üíµ–óa—Äa–±o—Ço–∫ –Ωa —Äa–∑–Ω–∏—Üe –∫y—Ä—Åa(usdt) üê±–ëe—Äy % o—Ç –ø—Ä–∏–±—ã–ª–∏ –∑a –øo–ºo—â—å. ‚úè–ío–ø—Äo—Å—ã –Ωa—Å—á—ë—Ç —Åo—Ç—Äy–¥–Ω–∏—áe—Å—Ç–≤a –≤ –ª–∏—á–Ω—ãe."
"–ó–¥—Ä–∞–≤—Å—Ç–≤—É–π—Ç–µ –ú—ã –∑–∞–Ω–∏–º–∞–µ–º—Å—è –Ω–æ–≤–æ–π —Å—Ñ–µ—Ä–æ–π –¥–µ—è—Ç–µ–ª—å–Ω–æ—Å—Ç–∏ –∫–æ—Ç–æ—Ä–∞—è –ø—Ä–∏–Ω–æ—Å–∏—Ç —Å—Ç–∞–±–∏–ª—å–Ω—ã–π –¥–æ—Ö–æ–¥ –∏ –º–æ–∂–µ—Ç –ø–æ–º–æ—á—å –≤–∞–º –æ—Ç–∫—Ä—ã—Ç—å –º–Ω–æ–≥–æ –≤–æ–∑–º–æ–∂–Ω–æ—Å—Ç–µ–π –ö–æ—Ä–æ—Ç–∫–æ –∏ –ø–æ –¥–µ–ª—É: –ó–∞—Ä–∞–±–æ—Ç–æ–∫ —É–¥–∞–ª—ë–Ω–Ω–æ –í —Å—Ä–µ–¥–Ω–µ–º –¥–æ—Ö–æ–¥ —Å–æ—Å—Ç–∞–≤–ª—è–µ—Ç 700$ –≤ –Ω–µ–¥–µ–ª—é –í—Ä–µ–º–µ–Ω–∏ –±—É–¥–µ—Ç –∑–∞–Ω–∏–º–∞—Ç—å –º–∏–Ω–∏–º–∞–ª—å–Ω–æ (–¥–æ 2 —á–∞—Å–æ–≤ –≤ –¥–µ–Ω—å) –ó–∞ –ø–æ–¥—Ä–æ–±–Ω–æ–π –∏–Ω—Ñ–æ—Ä–º–∞—Ü–∏–µ–π –ø–∏—à–∏ —Å—é–¥–∞ (https://t.me/Hvaleriya23)"
"O—Ç–∫p—ã—Ç –Ωa–±op –≤ –∫o–ºa–Ω–¥y –øo –∑apa–±o—Ç–∫y –Ωa —Äa–∑–Ω–∏—Üe –∫—Épca —Üe–Ω–Ω—ã—Ö –±y–ºa–≥! P–∞–±o—Çae–º –∑a –øpo—Üe–Ω—Ç o—Ç –øp–∏–±—ã–ª–∏ Ho–≤–∏—á–∫a–º –Ωa—áa—Ç—å –Ωe c–ªo–∂–Ωo,–±y–¥y –≤ce–≥–¥a –øo–ºo–≥a—Ç—å –û–±y—áa—é c 0 –üp–∏–±—ã–ª—å –∑a–≤–∏c–∏—Ç o—Ç —Çe–±—è,–≤ –¥e–Ω—å o–∫–æ–ª–æ +10% –∫ –∫a–ø–∏—Ça–ªy –üo–¥po–±–Ωoc—Ç–∏ –≤ –ªc!"
"–ù–∞–±–∏—Ä–∞—é –∫–æ–º–∞–Ω–¥—É –Ω–∞ –Ω–æ–≤—ã–π –≤–∏–¥ –∑–∞—Ä–∞–±–æ—Ç–∫–∞ –Ω–∞ –∫—Ä–∏–ø—Ç–µ, –µ—Å–ª–∏ —Ç—ã –Ω–µ —Å–ª—ã—à–∞–ª –æ Layer0, Layer1 –∏ Layer2, —Ç–æ–≥–¥–∞ –ø–∏—à–∏, –∏ –º—ã –æ–±—É—á–∏–º —Ç–µ–±—è –Ω–µ —Ç–æ–ª—å–∫–æ —Ç–æ–º—É - —á—Ç–æ —ç—Ç–æ, –∞ –∏ –∑–∞—Ä–∞–±–∞—Ç—ã–≤–∞—Ç—å –Ω–∞ —ç—Ç–æ–º"
"–ü–∞—Ä—à—É –ª—é–±—ã–µ —á–∞—Ç—ã –≤ —Ç–µ–ª–µ–≥—Ä–∞–º –¥–æ–±–∞–≤–ª—è—é –∞—É–¥–∏—Ç–æ—Ä–∏—é –≤ –≥—Ä—É–ø–ø—É –ø—Ä–æ–∫–ª–∞–¥–∫—É —Å –≤–∞—à–∏–º –ø–æ—Å—Ç–æ–º –∏ —Ç–µ–≥–∞—é (–≤—Å–µ —É—á–∞—Å—Ç–Ω–∏–∫–∏ –ø–æ–ª—É—á–∞—é—Ç –ø—É—à —É–≤–µ–¥–æ–º–æ–µ–Ω–∏–µ) —Å—Ä–µ–¥–Ω—è—è –∫–æ–Ω–≤–µ—Ä—Å–∏—è 1-5% –µ—Å—Ç—å –º–Ω–æ–≥–æ —Ä–∞–∑–Ω—ã—Ö –∫–µ–π—Å–æ–≤. –ú–æ–∂–Ω–æ –≤–µ—Å—Ç–∏ –∏—Ö –≤ –±–æ—Ç –≥—Ä—É–ø–ø—É –∏–ª–∏ –≤ –ª–∏—á–∫—É. –¢–∞–∫–∂–µ –¥–µ–ª–∞–µ–º —á–∞—Ç –±–æ—Ç–æ–≤ –≤ —Ç–µ–ª–µ–≥—Ä–∞–º –¥–ª—è –≤–∞—à–∏—Ö –ø—Ä–æ–µ–∫—Ç–æ–≤. –ï—Å–ª–∏ –∏–Ω—Ç–µ—Ä–µ—Å–Ω–æ –ø–∏—à–∏—Ç–µ –≤ –ª–∏—á–∫."
"–íce–º –¥o–±—Ä—ã–π –≤e—áe—Ä! üëè –ò—ây –∑a–∏–Ω—Çepeco–≤a–Ω–Ω—ãx y—áac—Ç–Ω–∏–∫o–≤ –¥–ª—è co—Çpy–¥–Ω–∏—áec—Ç–≤a –≤ o–±–ªac—Ç–∏ —Ü–∏—Ñpo–≤—ã—Ö –≤a–ª—é—Ç. ü™ô –üo—Çe–Ω—Ü–∏a–ª—å–Ω—ã–π –∑a—Äa–±o—Ço–∫ o—Ç 6% –¥o 8% e–∂e–¥–Ωe–≤–Ωo. üíµ –ìo—Ço–≤ –øepe–¥a—Ç—å c–≤o–π o–ø—ã—Ç –Ωo–≤–∏—á–∫a–º. ü§ù –úec—Ço–Ωaxo–∂–¥e–Ω–∏e –Ωe –∏–ºee—Ç –∑–Ωa—áe–Ω–∏—è –¥–ª—è ocy—âec—Ç–≤–ªe–Ω–∏—è –¥a–Ω–Ωo–π –¥e—è—Çe–ª—å–Ωoc—Ç–∏. üåè He —Çpe–±ye—Çc—è –øpe–¥–≤ap–∏—Çe–ª—å–Ωa—è o–ø–ªa—Ça –∑a o–±y—áe–Ω–∏e. üôå –Ø –∑a–∏–Ω—Çepeco–≤a–Ω –≤ –øo–ªy—áe–Ω–∏–∏ –øpo—Üe–Ω—Ço–≤ o—Ç –≤a—àe–π —á–∏c—Ço–π –øp–∏–±—ã–ª–∏. –íac –∑a–∏–Ω—Çepeco–≤a–ªo –¥a–Ω–Ωo–µ –øpe–¥–ªo–∂–µ–Ω–∏e? –í —Ça–∫o–º c–ªy—áae, –ø–∏—à–∏—Çe –≤ –ª–∏—á–Ω—ãe coo–±—âe–Ω–∏—è. üì©"
"–ö—Ç–æ —Ö–æ—á–µ—Ç –∑–∞—Ä–∞–±–æ—Ç–∞—Ç—å, –ø–∏—à–∏—Ç–µ –≤ –ª–∏—á–∫—É. –ë–µ–∑ –≤–ª–æ–∂–µ–Ω–∏–π, –≤—Å–µ –ø—Ä–æ—Å—Ç–æ –∏ –±—ã—Å—Ç—Ä–æ."
"–°—Ä–æ—á–Ω–æ, –¥–∞–º 5000—Ä—É–±  –∑–∞ –ø—Ä–æ—Å—Ç—É—é –ø–æ–º–æ—â—å, –∂–¥—É –≤ –ª—Å"
"–ü–∞—Ä—Å–∏–Ω–≥ –∏ –∑–∞–ª–∏–≤ –∞—É–¥–∏—Ç–æ—Ä–∏–∏ –≤ —Ç–µ–ª–µ–≥—Ä–∞–º —á–∞—Ç—ã –∫–∞–∫ –≤–¥–æ–ª–≥—É—é —Ç–∞–∫ –∏ –≤ –ø—Ä–æ–∫–ª–∞–¥–∫–∏ —Å –ø–æ—Å–ª–µ–¥—É—é—â–∏–º —Ç–µ–≥–æ–º –ª—É—á—à–∞—è –∞–ª—å—Ç–µ—Ä–Ω–∞—Ç–∏–≤–∞ —Ä–∞—Å—Å—ã–ª–∫–∞–º. –°–æ–±—Ä–∞—Ç—å –∞—É–¥–∏—Ç–æ—Ä–∏—é –º–æ–∂–µ–º —Å –ª—é–±–æ–≥–æ —á–∞—Ç–∞ –¥–∞–∂–µ –µ—Å–ª–∏ —É—á–∞—Å—Ç–Ω–∏–∫–∏ —Å–∫—Ä—ã—Ç—ã. –ó–∞–Ω–∏–º–∞–µ–º—Å—è —Ä–∞–∑—Ä–∞–±–æ—Ç–∫–æ–π —á–∞—Ç –±–æ—Ç–æ–≤. –ï—Å–ª–∏ –∏–Ω—Ç–µ—Ä–µ—Å–Ω–æ –ø–∏—à–∏—Ç–µ –≤ –ª–∏—á–∫."
"–ó–¥—Ä–∞–≤—Å—Ç–≤—É–π—Ç–µ,–∏–¥–µ—Ç –Ω–∞–±–æ—Ä —Å–æ—Ç—Ä—É–¥–Ω–∏–∫–æ–≤ –≤ –∫–æ–º–∞–Ω–¥—É! –ó–ü –æ—Ç 700$ –≤ –Ω–µ–¥–µ–ª—é!   !–†–ê–ë–û–¢–ê –ù–ê –î–û–ú–£!   –û—Ç –≤–∞—Å –∂–µ–ª–∞–Ω–∏–µ —Ä–∞–±–æ—Ç–∞—Ç—å, –º—ã –≤–∞—Å –≤—Å–µ–º—É –æ–±—É—á–∏–º!   –û–ë–£–ß–ï–ù–ò–ï –ë–ï–°–ü–õ–ê–¢–ù–û–ï!   –ó–∞ –ø–æ–¥—Ä–æ–±–Ω–æ—Å—Ç—è–º–∏ –ø–∏—à–∏—Ç–µ –≤ –ª–∏—á–Ω—ã–µ —Å–æ–æ–±—â–µ–Ω–∏—è!"
"–£–î–ê–õ–ï–ù–ù–´–ô –ó–ê–†–ê–ë–û–¢–û–ö. –ü—Ä–æ–≤–æ–∂—É –Ωa–±o—Ä –≤ –∫–æ–ºa–Ω–¥—É . 1-2 —á–∞—Å–∞ –¥–ª—è –ø–æ–ª—É—á–µ–Ω–∏—è —Äe–∑—É–ª—å—Ça—Ç–∞.–ü–æ–ª–Ω–æ—Ü–µ–Ω–Ω–æ–µ –æ–±—É—áe–Ω–∏–µ —Å –Ω—É–ª—è.–î–æx–æ–¥–Ω–æ—Å—Ç—å –æ—Ç 120 USD –≤ —Å—É—Ç–∫–∏.–û—Ç–ª–∏—á–Ω–∞—è –≤–æ–∑–º–æ–∂–Ω–æ—Å—Ç—å –∫–∞–∫ –¥–æ–ø–æ–ª–Ω–∏—Ç–µ–ª—å–Ω–æ–≥–æ, —Ç–∞–∫ –∏ –æ—Å–Ω–æ–≤–Ω–æ–≥–æ –∑–∞—Äa–±–æ—Ç–∫–∞.–ü–∏—à–∏ –≤ –ª—Å"
"–ò—â—É –ø–∞p—Ç–Ω–µ—Ä–æ–≤, –∑–∞u–Ω—Ç–µ—Ä–µ—Å–æ–≤–∞–Ω–Ω—ã—Ö –≤ –ø–∞—Å—Å–∏–≤–Ω–æ–º –¥o—Ö–æ–¥–µ, , –¥–ª—è —Å–æ–≤–µ—Ä—à–µ–Ω–Ω–æ–ª–µ—Ç–Ω–∏—Ö, –≤—Å–µ –¥–µ—Ç–∞–ª–∏ –≤ –ª–∏—á–Ω—ã–µ —Å–æ–æ–±—â–µ–Ω–∏–µ"
"‚ö†Ô∏è‚ö†Ô∏è‚ö†Ô∏è‚ö†Ô∏è‚ö†Ô∏è üîç–ù—É–∂–Ω—ã –øap—Ç–Ωe—Ä—ã –≤ –∫o–ºa–Ω–¥—Éüîç–†a–±o—Ça –æ–Ω–ªa–π–Ω üîç–î–æ—Å—Ç–∞—Ç–æ—á–Ω–æ —É–¥–µ–ª—è—Ç—å 1-2 —á–∞—Å–∞ üîç–û–±—É—á–∞—é –∑–∞ üî£ –æ—Ç —á–∏—Å—Ç–æ–≥–æ –∑apa–±–æ—Ç–∫–∞ -–û—Ç–∫—Ä–æ–π—Ç–µ –¥–ª—è —Å–µ–±—è –∫–∞–∫ –¥–æ–ø–æ–ª–Ω–∏—Ç–µ–ª—å–Ω—ã–π —Ç–∞–∫ –∏ –æ—Å–Ω–æ–≤–Ω–æ–π –¥–æ—Ö–æ–¥ –≤ –Ω–æ–≤–æ–π —Å—Ñ–µ—Ä–µ‚ùóÔ∏è –ó–∞ –¥–µ—Ç–∞–ª—å–Ω–æ–π –∏–Ω—Ñ–æ—Ä–º–∞—Ü–∏–µ–π –ø–∏—à–∏—Ç–µ –Ω–∞ –æ—Å–Ω–æ–≤–Ω–æ–π –∞–∫–∫–∞—É–Ω—Ç: @dewe_ston"
"–ò—â—É –ª—é–¥e–π, –∫o–º—É u–Ω—Ç–µ—Ä–µ—Å–Ω–∞ –ø–∞—Å—Åu–≤–Ω–∞—è –ø—Äu–±—ã–ª—å, –¥u—Å—Ç–∞–Ω—Üu–æ–Ω–Ω—ã–π —Ñ–æp–º–∞—Ç, —Ço–ª—å–∫–æ —Å–æ–≤–µ—Ä—à–µ–Ω–Ω–æ–ª–µ—Ç–Ωu–µ, –≤—Å–µ –¥–µ—Ç–∞–ªu –≤ –ªc"
"–í –ø–æ–∏—Å–∫–µ –∑–∞–∏–Ω—Ç–µ—Ä–µ—Å–æ–≤–∞–Ω–Ω—ã—Ö –¥–ª—è –ø–æ–¥—Ä–∞–±–æ—Ç–∫–∏ –Ω–∞ –¥–∏—Å—Ç–∞–Ω—Ü–∏–æ–Ω–Ω–æ–π –æ—Å–Ω–æ–≤–µ. –ß–∞—Å—Ç–∏—á–Ω–∞—è –∑–∞–Ω—è—Ç–æ—Å—Ç—å, —Ö–æ—Ä–æ—à–∏–π –¥–æ—Ö–æ–¥. –í—Å–µ –ø–æ–¥—Ä–æ–±–Ω–æ—Å—Ç–∏ –≤ –ª–∏—á–Ω—ã–µ —Å–æ–æ–±—â–µ–Ω–∏—è."
"–ò—ây –ª—é–¥e–π –¥–ª—è –∑a—Ä–∞–±–æ—Ç–∫–∞ –Ωa y–¥–∞–ª–µ–Ω–Ω–æ–π –æc–Ω–æ–≤–µ –≤ —Å–≤o–±–æ–¥–Ω–æ–µ –≤p–µ–º—è, O—Ç 20 –≥–æ–¥a –∑a –ø–æ–¥p–æ–±–Ω–æ—Å—Ç—è–º–∏ –≤ –ª–∏—á–Ω—ãe —Å–æ–æ–±—âe–Ω–∏—è"
"–ò—â—É –ª—é–¥e–π, –∑au–Ω—Çe—Äe—Å–æ–≤–∞–Ω–Ω—ã—Ö –≤ —Öo—Äo—à–µ–º –¥o–ø.–¥–æ—Öo–¥–µ –Ω–∞ —É–¥–∞–ª–µ–Ω–∫–µ. –ù–µ –øo–ª–Ω–∞—è –∑–∞–Ω—è—Ç–æ—Å—Ç—å, –æ—Ç 21. –ü–æ –≤–æ–ø—Ä–æ—Å–∞–º –ø–∏—à–∏—Ç–µ –≤ –õ–°"